id,name,uniquename,isactive,description,createddate,updateddate
1,Provider 1,provider_1,True,Description for Provider 1,2025-05-18 19:42:00.865911,2025-06-12 19:42:00.865925
2,Provider 2,provider_2,False,Description for Provider 2,2024-10-05 19:42:00.865928,2025-06-12 19:42:00.865933
3,Provider 3,provider_3,True,Description for Provider 3,2025-01-21 19:42:00.865935,2025-06-12 19:42:00.865937
4,Provider 4,provider_4,True,Description for Provider 4,2023-07-21 19:42:00.865941,2025-06-12 19:42:00.865943
5,Provider 5,provider_5,True,Description for Provider 5,2023-10-17 19:42:00.865946,2025-06-12 19:42:00.865948
6,Provider 6,provider_6,False,Description for Provider 6,2025-05-11 19:42:00.865950,2025-06-12 19:42:00.865952
7,Provider 7,provider_7,True,Description for Provider 7,2025-03-09 19:42:00.865954,2025-06-12 19:42:00.865955
8,Provider 8,provider_8,True,Description for Provider 8,2024-10-17 19:42:00.865959,2025-06-12 19:42:00.865966
9,Provider 9,provider_9,True,Description for Provider 9,2023-11-16 19:42:00.865968,2025-06-12 19:42:00.865971
10,Provider 10,provider_10,True,Description for Provider 10,2023-06-10 19:42:00.865973,2025-06-12 19:42:00.865976
11,Provider 11,provider_11,False,Description for Provider 11,2024-10-30 19:42:00.865978,2025-06-12 19:42:00.865979
12,Provider 12,provider_12,False,Description for Provider 12,2023-10-18 19:42:00.865981,2025-06-12 19:42:00.865983
13,Provider 13,provider_13,False,Description for Provider 13,2023-03-07 19:42:00.865984,2025-06-12 19:42:00.865986
14,Provider 14,provider_14,True,Description for Provider 14,2023-04-27 19:42:00.865988,2025-06-12 19:42:00.865989
15,Provider 15,provider_15,True,Description for Provider 15,2023-06-29 19:42:00.865991,2025-06-12 19:42:00.865993
16,Provider 16,provider_16,False,Description for Provider 16,2024-06-29 19:42:00.865994,2025-06-12 19:42:00.865996
17,Provider 17,provider_17,False,Description for Provider 17,2025-01-04 19:42:00.865998,2025-06-12 19:42:00.866000
18,Provider 18,provider_18,True,Description for Provider 18,2022-10-06 19:42:00.866001,2025-06-12 19:42:00.866003
19,Provider 19,provider_19,False,Description for Provider 19,2025-02-28 19:42:00.866005,2025-06-12 19:42:00.866007
20,Provider 20,provider_20,True,Description for Provider 20,2024-05-19 19:42:00.866008,2025-06-12 19:42:00.866010
21,Provider 21,provider_21,True,Description for Provider 21,2024-06-10 19:42:00.866011,2025-06-12 19:42:00.866013
22,Provider 22,provider_22,False,Description for Provider 22,2023-10-03 19:42:00.866014,2025-06-12 19:42:00.866016
23,Provider 23,provider_23,False,Description for Provider 23,2023-03-09 19:42:00.866018,2025-06-12 19:42:00.866019
24,Provider 24,provider_24,True,Description for Provider 24,2023-05-27 19:42:00.866021,2025-06-12 19:42:00.866022
25,Provider 25,provider_25,False,Description for Provider 25,2023-12-11 19:42:00.866024,2025-06-12 19:42:00.866025
26,Provider 26,provider_26,True,Description for Provider 26,2022-09-20 19:42:00.866027,2025-06-12 19:42:00.866029
27,Provider 27,provider_27,False,Description for Provider 27,2025-03-24 19:42:00.866030,2025-06-12 19:42:00.866032
28,Provider 28,provider_28,False,Description for Provider 28,2023-02-14 19:42:00.866034,2025-06-12 19:42:00.866035
29,Provider 29,provider_29,False,Description for Provider 29,2023-10-30 19:42:00.866037,2025-06-12 19:42:00.866039
30,Provider 30,provider_30,True,Description for Provider 30,2023-06-22 19:42:00.866040,2025-06-12 19:42:00.866042
31,Provider 31,provider_31,True,Description for Provider 31,2025-04-27 19:42:00.866043,2025-06-12 19:42:00.866045
32,Provider 32,provider_32,True,Description for Provider 32,2023-04-13 19:42:00.866047,2025-06-12 19:42:00.866048
33,Provider 33,provider_33,False,Description for Provider 33,2025-03-23 19:42:00.866050,2025-06-12 19:42:00.866052
34,Provider 34,provider_34,True,Description for Provider 34,2023-01-07 19:42:00.866054,2025-06-12 19:42:00.866055
35,Provider 35,provider_35,True,Description for Provider 35,2024-05-19 19:42:00.866057,2025-06-12 19:42:00.866059
36,Provider 36,provider_36,False,Description for Provider 36,2024-03-05 19:42:00.866060,2025-06-12 19:42:00.866062
37,Provider 37,provider_37,False,Description for Provider 37,2024-12-28 19:42:00.866064,2025-06-12 19:42:00.866065
38,Provider 38,provider_38,False,Description for Provider 38,2024-06-14 19:42:00.866067,2025-06-12 19:42:00.866069
39,Provider 39,provider_39,True,Description for Provider 39,2023-07-27 19:42:00.866070,2025-06-12 19:42:00.866072
40,Provider 40,provider_40,False,Description for Provider 40,2023-06-25 19:42:00.866073,2025-06-12 19:42:00.866076
41,Provider 41,provider_41,True,Description for Provider 41,2023-09-28 19:42:00.866078,2025-06-12 19:42:00.866079
42,Provider 42,provider_42,True,Description for Provider 42,2023-12-14 19:42:00.866081,2025-06-12 19:42:00.866083
43,Provider 43,provider_43,True,Description for Provider 43,2024-12-27 19:42:00.866084,2025-06-12 19:42:00.866092
44,Provider 44,provider_44,False,Description for Provider 44,2024-05-20 19:42:00.866094,2025-06-12 19:42:00.866095
45,Provider 45,provider_45,False,Description for Provider 45,2022-11-08 19:42:00.866097,2025-06-12 19:42:00.866099
46,Provider 46,provider_46,True,Description for Provider 46,2023-07-12 19:42:00.866100,2025-06-12 19:42:00.866102
47,Provider 47,provider_47,False,Description for Provider 47,2023-01-31 19:42:00.866103,2025-06-12 19:42:00.866105
48,Provider 48,provider_48,True,Description for Provider 48,2024-10-21 19:42:00.866107,2025-06-12 19:42:00.866108
49,Provider 49,provider_49,True,Description for Provider 49,2023-03-11 19:42:00.866110,2025-06-12 19:42:00.866111
50,Provider 50,provider_50,False,Description for Provider 50,2024-04-28 19:42:00.866113,2025-06-12 19:42:00.866115
